key,instantiationMoment,title,nick,message,moreInfo,link
peep-01,2022/07/25 22:00,Title1,Nick1,Message1,moreinfo1@gmail.com,https://github.com/
peep-02,2021/09/12 13:23,This is the Title 2,Cuanto podemos soportar 2,Epico mas datos,,https://www.youtube.com/
peep-03,2022/02/25 19:52,8WpRt9vS4jKqLbY5aHfzIOcNlEx6iJGAnysD0oh3XuMmZU1ke2gVQd7F,Whattt,This is not a message,junta@juntaandalucia.com,https://www.youtube.com/watch?v=dQw4w9WgXcQ
peep-04,2021/12/25 00:01,A5$0rQ/p@OvN1E#2Xq3*b^IcGdUfDjKl.M-68mZg+LwV7T9y_hieSXzFkCsu,Viva el Betis!,nao nao amigao,,https://tinyurl.com/bdza9yyk
peep-05,2021/01/12 15:56,Texto en formato normal,fd,fsefesf,,https://tinyurl.com/xddfsfcsa
peep-06,2021/08/25 05:30,C'est un titre,<script>alert('bye')</script>,El éxito es la suma de pequeños esfuerzos repetidos día tras día,info@alum.us.es,https://forocoches.com/foro/
peep-07,2021/03/25 08:00,<h1>Lorem ipsum</h1>,n,Ya no esta en japones,contacto@hotmail.com,https://github.com/marizqlav/Acme-L3-D01/blob/main/src/main/webapp/WEB-INF/resources/sample-data/offer.csv
peep-08,2022/02/12 19:44,Uffff fresco,Kirby,No dejes que los obstáculos te detengan,pepe@empresa.es,
peep-09,2021/10/25 17:12,Alguacil buenas tardes,$$$$,<script>alert('trucazo')</script>,,https://www.youtube.com/@YoSoyPlex/videos
peep-10,2021/05/25 16:39,<script>alert('hi')</script>,Mouse Attack,<h2>Message in HTML</h2>,correo@google.com,
peep-11,2021/11/12 23:51,Último título,<h2>Last Nick</h2>,La felicidad es una mariposa que se posa en tu mano cuando dejas de perseguirla,,https://tinyurl.com/app/
